{
    "mesh_file": "brick.obj",
    "mass": 384.00000000000074,
    "J": [
        [
            66.56000000000002,
            -4.867217739956687e-16,
            0.0
        ],
        [
            -4.867217739956687e-16,
            51.20000000000001,
            0.0
        ],
        [
            0.0,
            0.0,
            25.600000000000005
        ]
    ]
}