{
    "mesh_file": "cube.obj",
    "mass": 8000.0000000000155,
    "J": [
        [
            5333.333333333334,
            -1.2789769243681803e-13,
            0.0
        ],
        [
            -1.2789769243681803e-13,
            5333.333333333333,
            5.684341886080802e-14
        ],
        [
            0.0,
            5.684341886080802e-14,
            5333.333333333334
        ]
    ]
}