{"mesh_file": "sphere.obj", "mass": 4047.0059339024683, "J": [[1582.1483051626997, -4.405542330498946e-05, 9.688070069735488e-06], [-4.405542330498946e-05, 1582.1477802882473, 0.00012772900442459267], [9.688070069735488e-06, 0.00012772900442459267, 1582.1473561929643]]}