{
    "mesh_file": "thing.obj",
    "mass": 305.4080000000007,
    "J": [
        [
            13.174760538697967,
            3.0531133177191805e-16,
            3.0170371184127123e-19
        ],
        [
            3.0531133177191805e-16,
            81.67427413333334,
            -2.7755575615628914e-17
        ],
        [
            3.0170371184127123e-19,
            -2.7755575615628914e-17,
            87.09476053869797
        ]
    ]
}